Open,High,Low,Close,Adj Close,Volume
0.012862930872177838,0.011630553037244085,0.013221849694328238,0.012874050644876428,0.012874050644876428,0.033138667448024545
0.010046884467591236,0.008415698895244628,0.010070746151910327,0.0100068610901759,0.0100068610901759,0.0780684294369845
0.010511249757682924,0.008367862434561876,0.010170006772677011,0.01010343088021446,0.01010343088021446,0.04082931708647813
0.010395159621375195,0.009479620667272683,0.010548541977747083,0.011328898276485776,0.011328898276485776,0.060607438392288805
0.010013715518298973,0.007978582705977177,0.009216094975365244,0.008934575332049818,0.008934575332049818,0.10721947736588092
0.008635544607611748,0.0065187837237845325,0.007940849661335226,0.007860629423379721,0.007860629423379721,0.08725780431700228
0.007652084430745498,0.0063554842566109215,0.007831495474389324,0.007767387079983909,0.007767387079983909,0.0677743761766677
0.008239175544947679,0.006753013196784778,0.008201616967641896,0.008663177636801328,0.008663177636801328,0.06860120100094638
0.009279023647339894,0.007195075137622853,0.008689511172994154,0.008430070587386013,0.008430070587386013,0.07031210532165338
0.007219229761102973,0.006149298799553782,0.006855711877021109,0.007809014699866106,0.007809014699866106,0.1437176469003331
0.00923424402371558,0.008706009321288191,0.00949705422736662,0.009895302308209723,0.009895302308209723,0.18356521475553939
0.010925862810051416,0.009225598749532785,0.010905207789428845,0.010656225283600697,0.010656225283600697,0.07995614965697714
0.011199506048604993,0.009349308607998492,0.011431793998468071,0.011194030695059323,0.011194030695059323,0.042312886679532126
0.010987225722106662,0.008993018646927503,0.01084295931798741,0.010621257320707143,0.010621257320707143,0.024771065509448707
0.010803136985940924,0.009009514710491509,0.0110280200646137,0.010682863911555297,0.010682863911555297,0.006692060797725982
0.010690361134888991,0.008722503025237895,0.010565366994713912,0.010256614900211264,0.010256614900211264,0.016912019776437345
0.012595920948996642,0.01097075768696977,0.012802937817873183,0.012476105175734171,0.012476105175734171,0.0480972925275917
0.013307393843722017,0.013819428005142707,0.013618892177394998,0.014632328709864875,0.014632328709864875,0.17037643262977445
0.01761107035236159,0.015592628598908503,0.017580905702913267,0.017276400700633077,0.017276400700633077,0.03120716424344687
0.017365618704140606,0.015972012105123383,0.017496783024747258,0.017945743865023824,0.017945743865023824,0.035233514864323266
0.01817328416148698,0.016334897188159954,0.01807720880674672,0.017820868150931923,0.017820868150931923,0.031986838161249365
0.017893009979991423,0.016245826467602933,0.018364897102867577,0.01781920561853633,0.01781920561853633,-0.0022346161747816735
0.019848319659391878,0.01789531484328872,0.02001531309990791,0.019684042959046327,0.019684042959046327,0.020673988528858038
0.02058632581560675,0.019206661051476788,0.020895195785232894,0.020832914772541886,0.020832914772541886,0.021793822557667243
0.020312684949483566,0.01912583482328032,0.02068490112315857,0.020744671935590694,0.020744671935590694,0.025796597725305556
0.021359163994817763,0.01940625138656836,0.021332617346352795,0.020892856449142877,0.020892856449142877,0.009197794684745672
0.01940385431541731,0.01745655400285489,0.019054672258476662,0.018530174020957718,0.018530174020957718,0.0785753016816034
0.021589693055881307,0.01988790057650003,0.021399912600883832,0.02181029327302498,0.02181029327302498,0.05808149697392218
0.014627520872470573,0.012524577860518651,0.01313436490077063,0.012714206967890974,0.012714206967890974,0.046684449294251966
0.01419798048808385,0.012046225051762623,0.012527025348961409,0.013515087885213849,0.013515087885213849,0.05738938902528972
0.017078706462411893,0.015325411718008837,0.016610168888634664,0.017319693234762443,0.017319693234762443,0.0517683273889512
0.01739879002586326,0.015793865944780737,0.017543891146919875,0.017451228605842993,0.017451228605842993,0.019432909311967235
0.018040608364317923,0.016376138526877124,0.018274045380582093,0.018235462762545812,0.018235462762545812,0.022496034271973164
0.019077142181454343,0.017289951075662738,0.017759234998751944,0.01744290641645875,0.01744290641645875,0.0563470171999771
0.017445227978330667,0.015427682120954224,0.016164338429033562,0.016019299933665673,0.016019299933665673,0.0508219413375365
0.013037069635285017,0.011447461125330828,0.013006503435828033,0.012824100835609975,0.012824100835609975,0.07751945816872616
0.01176835554553314,0.011142306365732539,0.011790139664511572,0.01258433412920601,0.01258433412920601,0.06090044759681933
0.01148310163264752,0.010025600021836813,0.011499089252999115,0.011330563190732938,0.011330563190732938,0.021389671930728583
0.011045271976475715,0.010033849233425964,0.011132329875138142,0.01167522664026286,0.01167522664026286,0.03995870927761443
0.011862887406880657,0.009809515982795544,0.011221496929725617,0.01076944659796246,0.01076944659796246,0.11413045308653202
0.014043746415954579,0.012828083249721976,0.014157254213643316,0.014645648023842175,0.014645648023842175,0.1881220130742728
0.012526264020295531,0.010561685513645419,0.012047544855426643,0.011533697019996188,0.011533697019996188,0.0229170245083676
0.010575929327424356,0.009898589062966867,0.01089343196221976,0.011761804562966889,0.011761804562966889,0.023077000798197488
0.015702196252998152,0.013794685089603853,0.015171729814698515,0.014705587318591604,0.014705587318591604,0.024021702888666605
0.014949258019904259,0.012915506959498321,0.014571119307008763,0.014437519451837445,0.014437519451837445,0.017152826191654966
0.01366396301415184,0.01212705127995909,0.01389480223963863,0.013886389962698371,0.013886389962698371,0.008701026205800232
0.012469878467199963,0.010878385866008505,0.012419353423045381,0.012472775347239846,0.012472775347239846,0.02142166718869456
0.014634156560273344,0.012686227957297284,0.014675429117533206,0.014469152822533533,0.014469152822533533,-0.014263149209043544
0.015952622887748416,0.014594686361907881,0.016372950830078014,0.016040948582581926,0.016040948582581926,0.0195339469687019
0.012882833190725348,0.010734881203188842,0.012606098837369673,0.012549368548164026,0.012549368548164026,0.037452975390594744
0.012527924721569016,0.010799211367821304,0.011729575860768147,0.011210679837530955,0.011210679837530955,0.03491019436277234
0.009575883489696783,0.008016520584675807,0.009224508687182723,0.008776398951163097,0.008776398951163097,0.01925946133457273
0.007899192035379178,0.006395073865318825,0.007912248817159313,0.007913911442992062,0.007913911442992062,0.02184602534698015
0.004806185734552805,0.0029740295470336194,0.0028078982256432433,0.0031519113276294655,0.0031519113276294655,0.13273990549611173
0.002716539556709821,0.001316291959758683,0.00219719415177428,0.0019147919134795896,0.0019147919134795896,0.06801181466999418
0.007691886695410134,0.006108062180065203,0.00739407391326943,0.007770716908478234,0.007770716908478234,0.07594832260650211
0.010315555092045924,0.008973226202187858,0.010387032885538956,0.010831053188810613,0.010831053188810613,0.02784597819607368
0.01122438335368179,0.009619824229688101,0.010030369480525329,0.010241630671986801,0.010241630671986801,0.06125407939539066
0.011663873711127065,0.010185600748220482,0.011707706467379852,0.011901669268986385,0.011901669268986385,0.042279207460620576
0.013126624137672856,0.012128698290739759,0.0132824159047398,0.013771503734089446,0.013771503734089446,0.03751696590652669
0.01542689231317109,0.014005818657845913,0.01580599035632192,0.01575955425629575,0.01575955425629575,0.06319568636564182
0.015737023531133508,0.013859015254236308,0.015395487378348071,0.015080221606422022,0.015080221606422022,0.04649416170740168
0.014934333060316413,0.013156333914078458,0.013623938960484607,0.013138791064987838,0.013138791064987838,0.05715026657101769
0.01851658432874166,0.018601297283850814,0.01890998818323537,0.020271802943474547,0.020271802943474547,0.17093045578086952
0.018355714568809627,0.01680335613416046,0.018506216656049134,0.018014012494712205,0.018014012494712205,0.04339904148942978
0.018228011385739464,0.017045830099521264,0.018608836985539282,0.018350348991154744,0.018350348991154744,0.04574311512567401
0.01831425397530189,0.01649984838534283,0.018228621926107486,0.01794907845722129,0.01794907845722129,0.027798827289597497
0.011463199314100003,0.009352607348788435,0.010533401628478264,0.010591288864258218,0.010591288864258218,0.035287401614581757
0.01091757116583595,0.009596733044158513,0.011250095367233388,0.010759454730627914,0.010759454730627914,0.023481151425136147
0.012318958680326487,0.010518799523761883,0.01247150592163945,0.01236121894712524,0.01236121894712524,0.02456562227408822
0.012536216365784489,0.010950962882615822,0.012695263485289005,0.012639281063065513,0.012639281063065513,0.026468498142591078
0.01296575437774082,0.011594264528940426,0.013122589073561553,0.01356171024783754,0.01356171024783754,0.04239203284397428
0.01371039859418885,0.011704781783860668,0.013408595108652537,0.013215381884060455,0.013215381884060455,0.0352840336926906
0.013387000745481686,0.011510139559954016,0.013534774312565275,0.013247017636608113,0.013247017636608113,0.020780078068429436
0.015367187729958931,0.0132553032166196,0.01447017642521221,0.01426768390751744,0.01426768390751744,0.0494596169325641
0.012454953507612117,0.010403334157656721,0.0121888644086082,0.012364551157471135,0.012364551157471135,0.014908106251199822
0.01251963307735355,0.010724984980819023,0.012357104951603939,0.011954951288598734,0.011954951288598734,0.02622937568831904
0.012799909631279499,0.011345193081999737,0.01298463404243973,0.01265926003403147,0.01265926003403147,0.03368763871628289
0.00987938139228682,0.008095697442477297,0.009818387744084858,0.009677184250721997,0.009677184250721997,0.07842879707933814
0.012876197502922584,0.011844987705890389,0.0131999778942718,0.013505098399730874,0.013505098399730874,0.06525011871924666
0.01356279546500156,0.01196375181278548,0.013824142463047858,0.01348345451451776,0.01348345451451776,0.05079331400146168
0.014158178223419214,0.012376122726899787,0.014174079230610145,0.014292660003076448,0.014292660003076448,0.031574267729582814
0.014431823834403182,0.012930351293053068,0.014446624770794041,0.014122826840608019,0.014122826840608019,0.02246403901400719
0.013469924304927536,0.011579420195385694,0.013708056825314337,0.01354172889502002,0.01354172889502002,0.0017597391881287484
0.014052040432600436,0.011906019129732909,0.013655904326720262,0.013145450721976495,0.013145450721976495,0.01710399132423321
0.013237739287451304,0.011198387318775843,0.01308389466320643,0.012707547310902324,0.012707547310902324,0.011518292867751814
0.011060196936063561,0.009258586157432205,0.010001768636349415,0.009507351088253575,0.009507351088253575,0.10757310916445226
0.009403405427863089,0.007963738372422438,0.009749412635192089,0.009850347241684765,0.009850347241684765,0.04775039657280269
0.009078349250312825,0.007178581433673142,0.008815687970238743,0.008721452017303594,0.008721452017303594,0.03425850147683375
0.008983817388965316,0.00784332489513237,0.009311991074072195,0.009449071944048176,0.009449071944048176,0.02563325351358451
0.010701971809221035,0.008706009321288191,0.010575460560893122,0.010151718157085314,0.010151718157085314,0.014406285889417655
0.010622367279891763,0.00858229710320818,0.010180100338856229,0.010248287947123888,0.010248287947123888,0.018161518798056032
0.01081142863015639,0.008788482560265327,0.010802582646602412,0.010423118234185375,0.010423118234185375,0.008982247683711718
0.009675390337573572,0.007663531724009048,0.009295168463773502,0.00879804521822778,0.00879804521822778,0.045717855711490334
0.009522814594287395,0.008526213790550574,0.009591268065043703,0.00997189550913391,0.00997189550913391,0.09154348492349765
0.009240879711518345,0.007180228444453818,0.007917295600248921,0.007845642813303688,0.007845642813303688,0.09270205005405516
0.007741641305563728,0.006020638470288851,0.007737279230044098,0.007284528602384783,0.007284528602384783,0.0184898911824437
0.007575794186672015,0.005489503449279461,0.006248369918543745,0.006290503341281634,0.006290503341281634,0.08415089637241133
0.008008648856314533,0.006708477836506271,0.008067028865247964,0.008236928625457302,0.008236928625457302,0.05619209279298395
0.008511160454658155,0.006972393617001693,0.00884765333647439,0.008821354017688056,0.008821354017688056,0.013658607229581135
0.008816314313660908,0.007320436726097827,0.009000751123533168,0.008733108798885302,0.008733108798885302,0.05008436644337345
0.008073328426055966,0.006089919105720529,0.007814670457422495,0.007614205441838669,0.007614205441838669,0.03354618599685436
0.007617257152610135,0.005535690539567244,0.006721121367959035,0.00636209703576119,0.00636209703576119,0.06014098121036377
0.006665305223762661,0.0055950702334004905,0.0069751596301462215,0.007181294391654422,0.007181294391654422,0.04238866492208313
0.007164500164420103,0.0052140397164049355,0.0070037628809902774,0.007023118010767698,0.007023118010767698,0.03092762672648096
0.009247510654460334,0.007854870487897167,0.009513876837665306,0.009793735393578092,0.009793735393578092,0.03775272043890759
0.009978888240163616,0.00816167697750473,0.009890732188373646,0.00983369571736157,0.00983369571736157,0.03255264903896349
0.015644149998629092,0.013977779361131405,0.015903566309390608,0.01576621629513597,0.01576621629513597,0.03728289533509139
0.019070504121221188,0.017070573015060125,0.01863239345329373,0.018448586077292044,0.018448586077292044,0.060413782883547366
0.018174944862760466,0.016034692899360874,0.018275725234943817,0.017925764894057873,0.017925764894057873,0.010637581293214647
0.01802402507588699,0.016965003871324796,0.018435556879458356,0.018998050652183948,0.018998050652183948,0.03380551598247333
0.019077142181454343,0.01787882113933901,0.019372641253135158,0.019715678711593985,0.019715678711593985,0.040044591285838906
0.02055315923874488,0.01916872317277816,0.021046613717929947,0.02090118340223026,0.02090118340223026,0.10550352116233719
0.0212978034551929,0.020753883743445785,0.021780132473651913,0.022799323791386647,0.022799323791386647,0.0921901259265995
0.022435497704188435,0.0206235764034002,0.021441971533298698,0.02085955816419962,0.02085955816419962,0.0929933752976401
0.018551411606877018,0.01647510546980397,0.018179829136236867,0.01770764445471859,0.01770764445471859,0.054804508973827874
0.017810084048115175,0.016216133081264864,0.018038509583055317,0.017784240037494348,0.017784240037494348,0.030257410270141012
0.017360646090041718,0.01568664979026474,0.017542211292558143,0.017183160739088828,0.017183160739088828,0.036545320440928335
0.019914657557976403,0.018273051338722923,0.01985380160103165,0.019710681587000928,0.019710681587000928,0.09391786985676229
0.020180009152314514,0.018203773062905555,0.020213834341441295,0.019619104157852278,0.019619104157852278,0.08322976973518031
0.025634648913124752,0.024715959305110204,0.02582121226757401,0.02664555676081745,0.02664555676081745,0.14447711328678864
0.026100670159629143,0.024061109706406493,0.026388179961334513,0.026071116090366532,0.026071116090366532,0.024934409721169747
0.027477182741473274,0.026228538139941908,0.027727356007835827,0.02832557194693141,0.02832557194693141,0.08727464392645806
0.027780678271632928,0.026363800670015314,0.028087383934909203,0.028372194309555107,0.028372194309555107,0.049685267699271514
0.02861819839301577,0.028417415467454826,0.02923308792963487,0.02983076399153859,0.02983076399153859,0.122501422946999
0.02738431158139925,0.025204205976621756,0.025186958945955015,0.025273562619686406,0.025273562619686406,0.2121285603144292
0.027230075136839588,0.025736992727640413,0.027649967187125573,0.027731157069217686,0.027731157069217686,0.05857321357003089
0.03549412798686406,0.03390196608632079,0.036018140030065204,0.03596142603768633,0.03596142603768633,0.13207305696166294
0.03849260005391253,0.03660218127087485,0.03596093834171338,0.03557347005402704,0.03557347005402704,0.26448964195622376
0.035767768852987256,0.034561761436595104,0.035257700284529056,0.03585486199846165,0.03585486199846165,0.15092836766929701
0.03817417719173463,0.03636960352788388,0.03792764347905049,0.03857386465775843,0.03857386465775843,0.1493925952869301
0.03671640412414853,0.03493619447201078,0.0367718459181456,0.03628776828494275,0.03628776828494275,0.0723008631983807
0.0339783062924785,0.03171474048881713,0.031171192222796077,0.03054006986156437,0.03054006986156437,0.26087417780606836
0.029996366931272604,0.028610403601737916,0.030311496669829522,0.030654956090173317,0.030654956090173317,0.06854057840690558
0.03366817270208569,0.03216999975242926,0.03400096224849576,0.033870141304749656,0.033870141304749656,0.20173852128021447
0.03438793961345692,0.03274237611215583,0.03464867847168998,0.03488414791867034,0.03488414791867034,0.03128631040788902
0.03435974565069394,0.032331652208822205,0.033733461084733324,0.03344388991155407,0.03344388991155407,0.04271198542363406
0.03684576326363139,0.035264445136367256,0.03690307190514794,0.036477582800228704,0.036477582800228704,0.07439571061467942
0.0368192300021419,0.036781974441998176,0.03727824258815826,0.03895682351682466,0.03895682351682466,0.09510169440150346
0.03210425709882003,0.031930829247087004,0.032003971599284725,0.03404496920995958,0.03404496920995958,0.14479706586644842
0.034649979294969636,0.03359186557515187,0.035086100032809875,0.03518884866256523,0.03518884866256523,0.11128455908850562
0.03536476884738119,0.03334938689056248,0.034850564235283085,0.034656037993848074,0.034656037993848074,0.05905314243952054
0.03488879288295746,0.03292052227249848,0.034201163344390856,0.03353879716919704,0.03353879716919704,0.05684041775703138
0.03442276689159227,0.0321617552600687,0.032840120311169396,0.03219345118342688,0.03219345118342688,0.07059669472145602
0.03075759443615158,0.028908960879756328,0.03064460842042498,0.030386888223419145,0.030386888223419145,0.05840818539736426
0.029331331989014622,0.02784503910772828,0.029643588500940603,0.02937288160949847,0.02937288160949847,0.045456841764925794
0.02617198541717334,0.025355957491416267,0.025501563418553783,0.025906277670639584,0.025906277670639584,0.30709385387934085
0.026565040194581627,0.024658224262443323,0.026118994129874087,0.026527335940011047,0.026527335940011047,0.06554144396283162
0.026565040194581627,0.025301525908767927,0.027052718794827426,0.026527335940011047,0.026527335940011047,0.05170433687301924
0.028437423942105827,0.026629365820905707,0.028592100750560134,0.028618620672947716,0.028618620672947716,0.028443784331753777
0.028803945458024595,0.026838852378367098,0.02855004181814527,0.027967589183424187,0.027967589183424187,0.05316433101283515
0.0323762420085305,0.031345257924200676,0.03259617080182513,0.03269962322418943,0.03269962322418943,0.08283909079580626
0.03286216794601281,0.032005053274475,0.03342895017831378,0.03388179332262823,0.03388179332262823,0.09343457306538147
0.03361344547783321,0.032267324403804046,0.03390843067184854,0.03435799690694184,0.03435799690694184,0.05613147019894315
0.03363666208163652,0.031884642156799224,0.03383608622755975,0.03365868052239902,0.03365868052239902,0.0532586328257875
0.033333166551476875,0.0319423724802375,0.029197758041339495,0.028565338653335375,0.028565338653335375,0.1475082429888286
0.029455713769537824,0.027383182362536257,0.025859911491265427,0.02776446011786407,0.02776446011786407,0.19161286411445547
0.029606633556411292,0.028239269307112194,0.029857252498410935,0.029744183686982985,0.029744183686982985,0.04034265237320616
0.03186709946724489,0.03065907264760684,0.03204098615527812,0.031818819277448035,0.031818819277448035,0.0413311374482603
0.03502312938139999,0.033654541650160776,0.03555043777040767,0.03559011919649867,0.03559011919649867,0.04689831233434034
0.03089524759228031,0.03170979473724652,0.031199793066971997,0.03360706579888542,0.03360706579888542,0.11297693983881124
0.028616537691742286,0.026602971175357572,0.0282152453998518,0.027786101621225613,0.027786101621225613,0.05404335862642674
0.027850332827903647,0.027624009317116394,0.02845582557380005,0.028781791796575938,0.028781791796575938,0.07415153627757065
0.02114522771190673,0.01952666250424412,0.019084952957014307,0.02062312128628998,0.02062312128628998,0.29114674372471955
0.02467108630994523,0.024089151362735303,0.02481515278500444,0.026042810166313192,0.026042810166313192,0.07637773264762443
0.022440475063148106,0.02056419434995265,0.02263814817225673,0.022507942361469066,0.022507942361469066,0.03906957789834938
0.023805376970660194,0.022594713242633964,0.024022747673232644,0.02466749096039097,0.02466749096039097,0.06515918482818547
0.025768980666706506,0.02355966335250658,0.024510637065248617,0.024552604731782043,0.024552604731782043,0.07477123390554327
0.026233345956798194,0.02757947395683788,0.02631752018474374,0.02927630705575676,0.02927630705575676,0.2898484098356791
0.024865127391599927,0.023645440051502264,0.024902635171893905,0.02571979298384796,0.02571979298384796,0.05930742054230278
0.0340794667243376,0.032994751019115066,0.03389665243797131,0.0340499615708495,0.0340499615708495,0.20378453382909142
0.024773912187938604,0.025324621813526113,0.024756266428954597,0.02743478327841018,0.02743478327841018,0.26686234292854283
0.0279100374111158,0.028011637315691826,0.02825562447790494,0.029675915057294618,0.029675915057294618,0.19562911096965838
0.029611606170510188,0.027861532811677997,0.029209536275216715,0.029632627286868392,0.029632627286868392,0.07394272512031902
0.027853654230450622,0.02587720100928443,0.02736227889100473,0.026863672436453587,0.026863672436453587,0.09922571475722333
0.02648211426270538,0.024798432544087333,0.0265059478600979,0.026305885672177433,0.026305885672177433,0.06432899208201565
0.02367104047221765,0.02174192975807658,0.02290228000062314,0.022822632590846922,0.022822632590846922,0.1038296639824329
0.023629584623570704,0.022466052913369054,0.023188283629045996,0.022857598171888906,0.022857598171888906,0.0997881577130463
0.026740832541671096,0.024908947439393286,0.025619326503980893,0.02575142873639561,0.02575142873639561,0.09757543303055716
0.02589833980618937,0.024417402027091792,0.025661390249732036,0.02597620883272355,0.02597620883272355,0.05536863589059642
0.026150424769782736,0.024681320167201516,0.02615264416380775,0.026194329272062833,0.026194329272062833,0.04928448499422402
0.027107349312729095,0.02580956974424773,0.026918128285765352,0.027811077716784614,0.027811077716784614,0.3405406861804061
0.020281174329034396,0.018233461730015027,0.017954391718225587,0.018849861374928632,0.018849861374928632,0.1896190543548914
0.03236463133419846,0.03170154552565737,0.031199793066971997,0.03183213859142533,0.03183213859142533,0.21775298987265887
0.03085876435773225,0.030174119997656623,0.03048646144360846,0.031007946492790615,0.031007946492790615,0.1275044709163105
0.031547015903793524,0.03085040905188064,0.03163721462809188,0.0322434033745449,0.0322434033745449,0.10220464166995039
0.03286714530497247,0.031173713964666512,0.031812179401870824,0.03292273602441864,0.03292273602441864,0.10568538894445959
0.034172342629272406,0.032133713603739913,0.03184582943580448,0.031237718950008472,0.031237718950008472,0.09070655633354552
0.03164984178178689,0.03129577209312295,0.032158754054041505,0.032478172956355814,0.032478172956355814,0.06556670337701528
0.03308771964811666,0.03243392261176759,0.03317827643818631,0.03443458772601445,0.03443458772601445,0.06860625288378311
0.03610111904718336,0.03480918587275513,0.03548987155999611,0.03576827693020291,0.03576827693020291,0.1136926232406818
0.03778444381687334,0.0366962024622311,0.037971387079163366,0.038815293896558,0.038815293896558,0.09785328658657749
0.030636529313314564,0.028918857102126154,0.028738464680163157,0.028590314748894383,0.028590314748894383,0.1265816603181339
0.028389330033225732,0.02631431483893759,0.025933935789915933,0.025261910601807838,0.025261910601807838,0.06744095190944333
0.029981444344115156,0.029900305635177073,0.02983874522041424,0.031668962704093986,0.031668962704093986,0.14118328567723856
0.03241770260203824,0.030390204036697892,0.030991178259259396,0.03149080497038974,0.03149080497038974,0.07994267796941254
0.03313083619803709,0.03190773334232881,0.03326407897071405,0.033898447228803,0.033898447228803,0.05867088330487439
0.025220033488325883,0.02367842745940168,0.024983388514663894,0.025536642889253794,0.025536642889253794,0.09589484000687057
0.024974581840104884,0.023503584759077573,0.02468055746260608,0.02542674902153478,0.02542674902153478,0.08198027071356162
0.02807422382873402,0.02699060389316161,0.028507982885730403,0.02816739794789625,0.02816739794789625,0.09387577083312285
0.028837112034886467,0.026922977347353508,0.028359929475093092,0.02799589510747752,0.02799589510747752,0.06672863642946392
0.026896724942643467,0.02524214385532038,0.027397608779300125,0.0273415385531628,0.0273415385531628,0.039571398260131556
0.026450603642256203,0.02445698691657109,0.02514321534584214,0.02456925387425367,0.02456925387425367,0.12384185585967891
0.02486015003264025,0.024254102559918174,0.024852162527661554,0.025673170621224255,0.025673170621224255,0.11834035545047639
0.02341729955221159,0.02248419834732803,0.023460833982566164,0.02451763915074006,0.02451763915074006,0.09829785227621002
0.023909858805066256,0.02195471033709931,0.023555045413575098,0.023258873469525487,0.023258873469525487,0.10018052061336594
0.022170146109850332,0.02030192322062359,0.02124008576970558,0.020949468297249543,0.020949468297249543,0.14694243211111446
0.02076046220628354,0.01951841329265496,0.020594049400873084,0.020613131800807004,0.020613131800807004,0.17253190264011398
0.02160295968662606,0.019435940053677825,0.02068490112315857,0.02012360890251609,0.02012360890251609,0.1210868957527137
0.0232680404666116,0.022141105709031113,0.023592059969568504,0.024227925016921205,0.024227925016921205,0.11039037582640382
0.020470238051729414,0.01979882513671439,0.020806033543981698,0.021593840129784422,0.021593840129784422,0.09628720290719017
0.020155131847237717,0.01820212133289628,0.019675472305192978,0.01914623516573613,0.01914623516573613,0.15446131773311914
0.01727772015816547,0.015127473112926546,0.015154907204399822,0.01523007341607293,0.01523007341607293,0.35035986245406997
0.017115194441820733,0.015201697140314531,0.016263596643132112,0.016721943764851248,0.016721943764851248,0.2796099272865664
0.016839892874424063,0.01676541353623323,0.017234335864078857,0.018541830802539426,0.018541830802539426,0.3730276607424921
0.013207886995845228,0.011096119275444759,0.01141833591022912,0.011215676962124006,0.011215676962124006,0.2733354888033437
0.007426535101072024,0.006172392344697672,0.007400805364057045,0.007690796260911292,0.007690796260911292,0.1753609570286846
0.006431464249873731,0.006434661114412418,0.006487270238130262,0.008313519444529918,0.008313519444529918,0.20632731485691383
0.010302283716440389,0.009242092453482495,0.010220477010241227,0.010369836214573033,0.010369836214573033,0.31468514982200535
0.012740205048067346,0.010875089484832866,0.0121888644086082,0.012226351365698787,0.012226351365698787,0.1700547960891691
0.012255939811858532,0.011086223053074926,0.012525343087931542,0.013018907711785856,0.013018907711785856,0.11193456801349863
0.012791617987064033,0.01120498480035572,0.012836583038470562,0.013182081217265634,0.013182081217265634,0.08057247936305861
0.014746930038894879,0.012747257021525508,0.014739359850004508,0.014430857412997218,0.014430857412997218,0.07283973070096558
0.01589125997569317,0.014273037898359875,0.015940580865384007,0.01580617661891944,0.01580617661891944,0.10035396859076043
0.01217633291009887,0.010528695746131703,0.011941555190540482,0.011723511535282144,0.011723511535282144,0.0650211000306481
0.014400313213954012,0.01277859977825855,0.013990698338345587,0.013643295809651644,0.013643295809651644,0.13076967118978577
0.01467395882493798,0.013289942354528288,0.014786465565508982,0.015296677131514141,0.015296677131514141,0.05605400799544657
0.017354012774669345,0.015419432909365073,0.01746650232620962,0.016905098623148547,0.016905098623148547,0.06328493629575743
0.017276064201752768,0.015172008473205052,0.016337620941782625,0.01614251073351041,0.01614251073351041,0.08079644616882045
0.013639085709075044,0.012207875148541256,0.013006503435828033,0.014157792421650002,0.014157792421650002,0.13256308959682606
0.016564591307027393,0.015462321258862911,0.016433517040489575,0.01639393422149609,0.01639393422149609,0.161010241850471
0.016697267104196445,0.014682110071684233,0.015992735770646225,0.016184140735244185,0.016184140735244185,0.07282794297434655
0.014508111706046274,0.013788087608023969,0.014720852572007812,0.01565965225591129,0.01565965225591129,0.10961238586954691
0.01913518606339301,0.017324590213571425,0.019022706892241014,0.0190180296231499,0.0190180296231499,0.08214024700339151
0.019931240846407343,0.01811305061233926,0.02004054942202409,0.019697362273023628,0.019697362273023628,0.05412755667370562
0.025880095816484955,0.02473575174984985,0.024924506971950342,0.02597620883272355,0.02597620883272355,0.47430275597048355
0.028322992134641185,0.02705658342818905,0.028928577023215326,0.028513723929821766,0.028513723929821766,0.05914070840869059
0.03379753184156856,0.03280340517638405,0.03396058317044261,0.03424644050682724,0.03424644050682724,0.08268079846692195
0.034926936818779,0.032689591540288165,0.03449726535232919,0.034352999782348785,0.034352999782348785,0.0479154247454693
0.034732900481985095,0.033817841117334387,0.034783268980752055,0.03593977977062165,0.03593977977062165,0.10389702242025603
0.035190632456704396,0.03395804939897839,0.035826347832651304,0.035158875442413154,0.035158875442413154,0.07670442107106651
0.03102626268817587,0.02992339682070666,0.03156823470586284,0.03183546841991966,0.03183546841991966,0.07610661493538642
0.032218688906284654,0.031254535473634375,0.03264327892399774,0.03261137085983196,0.03261137085983196,0.12575988737669194
0.03525862631170164,0.03427145337016584,0.035696806513346974,0.03596641839857625,0.03596641839857625,0.10455545114997691
0.03952250055567658,0.03962899538977614,0.040298120143573826,0.041539288916744695,0.041539288916744695,0.2116065324213001
0.04444145976885092,0.0425617883173212,0.043597272283292784,0.04361059467871541,0.04361059467871541,0.22224411371451472
0.04853948689393415,0.04624180030491691,0.04795801055290769,0.04773821482887767,0.04773821482887767,0.14129611106059228
0.046798113497444734,0.045481386281706476,0.047217762753066245,0.04771823585791172,0.04771823585791172,0.1343312485896827
0.058838453952688365,0.05671441509800533,0.0558248359155924,0.056223232350123185,0.056223232350123185,0.45273963606236045
0.0582414176102884,0.06113999441564241,0.05904322989920506,0.0634694631611201,0.0634694631611201,0.4203604350007915
0.05828287820379612,0.05929751318644495,0.059071830743380974,0.06157631989655676,0.06157631989655676,0.3398519461536648
0.060581488050451264,0.05949709880230793,0.0609207679819547,0.0610784748088816,0.0610784748088816,0.20332312853000314
0.0662832354158952,0.06754166576254113,0.06699753764877923,0.06899071895577497,0.06899071895577497,0.2029694967314318
0.09755495212472243,0.10140734098094396,0.09908394966520011,0.1006347127098646,0.1006347127098646,0.2611570832449254
0.10907287391821413,0.10969438190653798,0.10285248391893832,0.10449925735416263,0.10449925735416263,0.3895708930718479
0.10389685712734753,0.10367704453665334,0.10379461748237286,0.10501541411670501,0.10501541411670501,0.17079573890522332
0.10540273359353533,0.10470632717077273,0.10469806144878858,0.10383491131436492,0.10383491131436492,0.176268611978351
0.10695338256605624,0.10853644366238228,0.10842117706138847,0.10928623594693582,0.10928623594693582,0.23809018621240138
0.1295547202718452,0.13027836398200165,0.12785606197262878,0.1288320719686551,0.1288320719686551,0.4019277984904974
0.1268149617389017,0.12504618355086633,0.12439539833403356,0.1260980874629854,0.1260980874629854,0.21487004873382975
0.11554083089235748,0.11687130925058754,0.11459551305460915,0.11490738659642041,0.11490738659642041,0.22964512207032892
0.09435579617092535,0.0971087749817911,0.09179418074911884,0.09989377585099429,0.09989377585099429,0.31389032025569263
0.1099021047678119,0.1075483976477515,0.09674711340793786,0.10020846608037215,0.10020846608037215,0.40800689750403313
0.0964305150167501,0.09744856887929808,0.09707686544980984,0.09671688128225112,0.09671688128225112,0.15656963683698247
0.09082993757288685,0.0910567890355406,0.0913904092219326,0.09321031940146032,0.09321031940146032,0.18705269787383091
0.08257086208182204,0.08224521528974568,0.07940007086819408,0.0816799569736616,0.0816799569736616,0.19816010427086175
0.04091061906699197,0.04121910643124298,0.035239193006532374,0.036222834247451846,0.036222834247451846,0.37436472573328083
0.06117687318129931,0.06037628165164205,0.06004593448638747,0.06203420704230001,0.06203420704230001,0.22475489948437113
0.09231756530450944,0.09681021770377268,0.09276323048903129,0.09427760803499335,0.09427760803499335,0.48871072582084685
0.09529780287157502,0.09970837149340904,0.0951673571874883,0.10015851388925417,0.10015851388925417,0.32168537547277204
0.09706570952955396,0.09551041944796371,0.09456337975107067,0.09356830216496756,0.09356830216496756,0.19671526577955603
0.09428116900055572,0.09497103049613656,0.0937306051879183,0.09681845296058589,0.09681845296058589,0.19629932742599834
0.1052932696553088,0.1058032363507002,0.10620884256034537,0.10595782703614612,0.10595782703614612,0.16793637321963228
0.1074990130867507,0.11035582898682154,0.10833704956988617,0.11116105800922563,0.11116105800922563,0.25199801966192803
0.11172639935131679,0.11175789292634732,0.11018767147615789,0.11387673084002811,0.11387673084002811,0.18017708533303695
0.11479452122977518,0.11210428430543419,0.11350365585284809,0.11242315351893453,0.11242315351893453,0.11004179591066923
0.1125323993625289,0.11096779023602742,0.10833704956988617,0.1126496009113612,0.1126496009113612,0.16830347670576823
0.1427393977811783,0.14255387983403683,0.14357792002411213,0.14324128311458761,0.14324128311458761,0.1380325947480626
0.14436136201124342,0.1420210789253324,0.1430513410350773,0.14273179553644016,0.14273179553644016,0.11997716548957796
0.1560069774980837,0.161709398605198,0.1580514681913885,0.16250074435838865,0.16250074435838865,0.19823419855246716
0.23445161611962914,0.2367067565450675,0.21701899634424943,0.22863094770756115,0.22863094770756115,0.3681660654926091
0.23229564627778396,0.23010880304232434,0.2213931830754307,0.23349449806459438,0.23349449806459438,0.249441766946541
0.22831702357426428,0.2466036962376394,0.22660856770825444,0.2496436803643513,0.2496436803643513,0.26213209663241493
0.223174163870538,0.22404527386292333,0.22374852179735338,0.22375072438954055,0.22375072438954055,0.10214907095874631
0.21673939245269963,0.2234794949847767,0.21927002044231134,0.22333612977792666,0.22333612977792666,0.12215957887504672
0.2240017435085838,0.22183495707989015,0.2232959719203054,0.22333946437012409,0.22333946437012409,0.05713342696156191
0.30392239444255903,0.3089461784154018,0.3073629501588823,0.31297160675964997,0.31297160675964997,0.1533061205244528
0.31803744425390584,0.33171736249222616,0.3217691886316188,0.3345887580707463,0.3345887580707463,0.21360034218086413
0.3570308999497493,0.35687043562698956,0.3441264040252237,0.3446172678098384,0.3446172678098384,0.3119739726996252
0.34507848176478473,0.38692580567543683,0.34648678712356784,0.3909385643951305,0.3909385643951305,0.3724901404086637
0.33263180092194494,0.33547821014647555,0.32755154577153933,0.32925733584618994,0.32925733584618994,0.24183632573193362
0.3123655515524984,0.314356490849194,0.2924570488735889,0.29273478607017844,0.29273478607017844,0.2940168867603623
0.328502253686691,0.3274946722504706,0.3258271006625122,0.32673478354065205,0.32673478354065205,0.141266136555761
0.32781402112007285,0.32807200380022494,0.3178358072369623,0.3207240191388157,0.3207240191388157,0.13933530693556154
0.33307128890695986,0.3328637575032314,0.33500451566753114,0.33739103502462003,0.33739103502462003,0.07123390554326264
0.3217523665746394,0.31967611858624867,0.3177937194245297,0.3140971745373884,0.3140971745373884,0.05953273451682108
0.31634584444701314,0.31923073666809193,0.31818067315475357,0.3181015815058543,0.3181015815058543,0.05011568811696119
0.3031114028378049,0.310092573426407,0.3062693986627507,0.30950999518168104,0.30950999518168104,0.07155520529167889
0.3315538065113008,0.33732565600415804,0.33293516613402246,0.3407960156996698,0.3407960156996698,0.06951222387250394
0.3380217729751657,0.3344967616134246,0.3331707115582218,0.3340193240522947,0.3340193240522947,0.04691851986568727
0.3247458802621713,0.3209049679593166,0.3094070393035934,0.31771030998481015,0.31771030998481015,0.0758092274323974
0.4583090802740031,0.46827866202960305,0.46285720108475953,0.463733855354532,0.463733855354532,0.10031725824214685
0.46647692158196336,0.46849306602326346,0.4687876164486535,0.47478968625781903,0.47478968625781903,0.07283568919469618
0.48968692053906676,0.5045426869752944,0.4895650178617736,0.5087481061272935,0.5087481061272935,0.14908308326513292
0.528859504219129,0.5257798574809953,0.5197385907871671,0.5170982298667453,0.5170982298667453,0.16930644384495436
0.6807402582569361,0.6791246971116498,0.6522682602942805,0.65140828653259,0.65140828653259,0.173537564116813
0.6853839206475746,0.6801886000067636,0.6840653137868914,0.6795473666471751,0.6795473666471751,0.04292786921685713
0.6682272632398156,0.6738215677977736,0.6732980730619251,0.6809209899747796,0.6809209899747796,0.041396811925137826
0.703643435536472,0.6986299107219166,0.6938567949811709,0.687622796208806,0.687622796208806,0.03559388250667691
0.6500921016622767,0.6588772432275035,0.6506784730810234,0.6517995961632592,0.6517995961632592,0.04663830876434314
0.6224374587551493,0.6341018971497171,0.6172662949729774,0.64055222628415,0.64055222628415,0.06136858873968996
0.6356304492605713,0.6315864350455428,0.630186983842937,0.6265243019374818,0.6265243019374818,0.03766448088535931
0.5785383484357625,0.5824480902079413,0.5403561894357902,0.5440384955041231,0.5440384955041231,0.1052438543845291
0.5568541069115209,0.5572851255700368,0.5310441935483817,0.5384440025374057,0.5384440025374057,0.11219962346633255
0.48071473043144625,0.5336891713496122,0.47695557856902543,0.5368455705312541,0.5368455705312541,0.20122760752932617
0.5210896618335111,0.5548356194047469,0.5238940402644389,0.5603475095716076,0.5603475095716076,0.1097858338469414
0.5302443203073405,0.5253840085862023,0.5063131562215388,0.5007892157992608,0.5007892157992608,0.08763400119224435
0.5460742007639657,0.5446500516911266,0.5380512944780822,0.5346726740361362,0.5346726740361362,0.06242241149943251
0.5380970649005308,0.5431407668778562,0.5412562448134646,0.5453538873245538,0.5453538873245538,0.05438958099683753
0.5449962063533216,0.5557181151525569,0.5500382731230973,0.5604890487192805,0.5604890487192805,0.0719411691404053
0.5732727676527866,0.5825718095048643,0.5781088416677121,0.5833166760528687,0.5833166760528687,0.06936235134834753
0.44739646986011405,0.4661920456665783,0.4501804520974716,0.45716531847952896,0.45716531847952896,0.09785699130065775
0.4345849661615153,0.44141669958879187,0.43638489122525453,0.4451687514803059,0.4451687514803059,0.10711136707317484
0.4799932838393584,0.4808230134579469,0.47737618714651925,0.4794934429567497,0.4794934429567497,0.06813609098777781
0.49071518880872206,0.4949591418154527,0.49462059973010025,0.5012721028590787,0.5012721028590787,0.06262852831917123
0.4930121189746605,0.4883282103432674,0.4771995184516972,0.47857766866526325,0.47857766866526325,0.0615602234952967
0.4771490624514519,0.4829673554251814,0.48140548870656413,0.4840140066877581,0.4840140066877581,0.05437375176394909
0.4824146432344278,0.4796436216005852,0.48226349477849645,0.4838225058215609,0.4838225058215609,0.02839259191900821
0.4877714392210652,0.48313230190313555,0.4794959804442425,0.47505611064699016,0.47505611064699016,0.03364250856294141
0.4850183950779338,0.49266635179344237,0.49091094220573944,0.4949949140680711,0.4949949140680711,0.05653360007274711
0.48906500214672927,0.49284779669457496,0.4940233609644748,0.49532791597231624,0.49532791597231624,0.038340086016725096
0.4974567629246846,0.5141756896508421,0.4981956763720718,0.5195541665475841,0.5195541665475841,0.05051310290011755
0.5192736707563737,0.5160478642663777,0.5164831581808796,0.5124028572853396,0.5124028572853396,0.028950656576372684
0.5170430547647157,0.520740665184143,0.5150531352254291,0.5259562405800897,0.5259562405800897,0.025973750416780336
0.5265044969572261,0.5241303927014525,0.5038989407702389,0.5128690523293576,0.5128690523293576,0.08432703868731878
0.5726093981566628,0.5704398053944916,0.5659536272930377,0.5669493923685853,0.5669493923685853,0.04662988895961525
0.5701217245873126,0.569037741454966,0.5747020392620905,0.5710204149617503,0.5710204149617503,0.017326610961238588
0.5621114126572943,0.5705635246914147,0.5645993084905992,0.5773641812678317,0.5773641812678317,0.03261529238613898
0.5610582813171445,0.5595944140152255,0.5452518915262398,0.5473269369455745,0.5473269369455745,0.05019011919075573
0.5426329240542161,0.5452686104219123,0.5429806899224919,0.542406755685622,0.542406755685622,0.023800767212606808
0.5921542009340215,0.5966832091045171,0.5957233805578822,0.5958793615331587,0.5958793615331587,0.036204823537732515
0.5857028225034483,0.5886584440274808,0.5907098865019877,0.5916252221913215,0.5916252221913215,0.028814929324159112
0.6277196655303032,0.6383575842378293,0.6352426042179541,0.6367726661038559,0.6367726661038559,0.038464362334508735
0.6526212263354131,0.650934894758701,0.6604530883449777,0.6573441655210776,0.6573441655210776,0.015062020281625628
0.7040663734470815,0.6985226898481719,0.7018060391009785,0.6955983023333884,0.6955983023333884,0.03235259447862885
0.838508549428943,0.857640731714884,0.843353320848614,0.8401150312357326,0.8401150312357326,0.10356865003586838
0.8735017838149899,0.894201690523956,0.8790450950188803,0.903502923126148,0.903502923126148,0.07457724160461271
0.9495748840796704,0.9431008271023864,0.8271520159969499,0.8281600418375087,0.8281600418375087,0.17287812501052474
0.8939753646211398,0.8915542410343552,0.880567649550978,0.8888339186658142,0.8888339186658142,0.044200270107335675
0.9445249097706003,0.9480492969486723,0.8702041899798704,0.8993652849082839,0.8993652849082839,0.09563786756657539
0.8881044155202317,0.8888985612100798,0.8855980095371975,0.8767957740655918,0.8767957740655918,0.01315476611466427
0.8877644557349672,0.8923790111779555,0.865114991770964,0.8790268639582587,0.8790268639582587,0.05589605245875138
0.8759314562061484,0.8738882429470965,0.8176380910259218,0.8210586942937885,0.8210586942937885,0.07745883557468536
0.806525302887061,0.8033065539448084,0.7765964283538229,0.7806316228767344,0.7806316228767344,0.06204890896170336
0.7366880125379339,0.7492857329536343,0.7216665577127889,0.7574210319203768,0.7574210319203768,0.0541033076360893
0.9281394250959183,0.9650142819430828,0.9318971446545529,0.9749162447500449,0.9749162447500449,0.09049201970907891
0.7344740225384538,0.758984767075724,0.7360425684336869,0.7406624767150489,0.7406624767150489,0.07103048306103685
0.7661752345554905,0.7890302456210302,0.7383894741904469,0.7564886418323405,0.7564886418323405,0.09154281133911943
0.7460665904817584,0.7426877983278055,0.724434110553733,0.7300561869496051,0.7300561869496051,0.048798830657519394
0.7226990241878269,0.7356774408763479,0.727773641771505,0.7440174956715744,0.7440174956715744,0.038126222976636724
0.6650098680411748,0.6633472965554473,0.6160465955596188,0.6121550677882936,0.6121550677882936,0.08075367356080279
0.6975569558794303,0.7083619416903629,0.6944624282052688,0.695681533754637,0.695681533754637,0.057750767044210706
0.6360699372455862,0.6754628022426417,0.6342247183681445,0.6624058097094527,0.6624058097094527,0.06407370360266604
0.6236979215320023,0.6348111405772404,0.6122444064586108,0.6140948477065901,0.6140948477065901,0.05369275795755745
0.6472395672782812,0.6688730979514876,0.6511243035406246,0.6755845753893335,0.6755845753893335,0.06814855229877509
0.8490645361065032,0.8623500688096565,0.8355807454236286,0.8562658903589945,0.8562658903589945,0.06300506198660241
0.7893686454793022,0.8061684451818982,0.7961288699647867,0.7885572053924176,0.7885572053924176,0.040451099458101374
0.8036644934658628,0.8166591770935742,0.7977775724141114,0.7977315641038324,0.7977315641038324,0.04788174552655775
0.8050327594796689,0.8096653558191237,0.8024798553994843,0.7961081702932314,0.7961081702932314,0.03940165499681731
0.8675894595280681,0.8752408116170872,0.8144500451275547,0.8159054345666396,0.8159054345666396,0.09215914104520087
0.6125448415737128,0.6092935542255742,0.5811623836970703,0.5791291142261057,0.5791291142261057,0.07047208161148327
0.5626587038792622,0.5798006784721694,0.5601493983530608,0.5666829679794142,0.5666829679794142,0.07518515150596627
0.5195555914045604,0.5352314530092391,0.5130006131155554,0.5379444615714128,0.5379444615714128,0.07362108857971367
0.5585125686107165,0.5682460059115512,0.5569276591007335,0.5727104243970503,0.5727104243970503,0.055552187633664395
0.5613899660652064,0.5670171187846544,0.5514262467728055,0.5560850242218703,0.5560850242218703,0.08331295740589184
0.5410988536252653,0.5440809504760469,0.5368063346759261,0.5436805317954284,0.5436805317954284,0.057406565426934626
0.5858769778735682,0.5859202720873136,0.5742982581082317,0.5893024786502556,0.5893024786502556,0.0646250324162482
0.663542149745391,0.6691700695686972,0.659435202495168,0.656020465802372,0.656020465802372,0.08997706445192125
0.7311488241028602,0.7406012197186095,0.7334264238987672,0.7353260621296027,0.7353260621296027,0.051013912885332365
0.6544869815124257,0.6612359514345695,0.6479193146985517,0.6683000729873159,0.6683000729873159,0.034759199197985535
0.6557806203558622,0.676724686215895,0.6633635780200935,0.6846340869688752,0.6846340869688752,0.029978883129742458
0.6761794980738699,0.6907288649418031,0.6822652030315423,0.6985204721678704,0.6985204721678704,0.03411491574020749
0.7033946529959825,0.7315537411736621,0.7122452798384787,0.7318627356185036,0.7318627356185036,0.05535033684832114
0.7223507134475871,0.7199001158278029,0.6975580580470595,0.69684707852912,0.69684707852912,0.053011539623039734
0.680632455019983,0.6783576903260883,0.6647515901764919,0.6637295094281582,0.6637295094281582,0.04538095125831176
0.6526212263354131,0.6773432449466807,0.6584173936587389,0.6654279029809833,0.6654279029809833,0.03901389492308228
0.6806075539906024,0.6894917474802316,0.676738568821507,0.6948989907125486,0.6948989907125486,0.03518333282814505
0.6095098767823948,0.6057636467419922,0.5844766545260449,0.581485127469896,0.581485127469896,0.08424126894315734
0.5996089466048692,0.6115533474012279,0.5870002289776269,0.5990679176471867,0.5990679176471867,0.09683168361292699
0.5583633142699773,0.5548191587353973,0.536554000334782,0.5332074732793828,0.5332074732793828,0.06802281654817194
0.5336606959877094,0.5342582348108632,0.4914829590892576,0.4880517214685736,0.4880517214685736,0.0794823953109546
0.4945296013703196,0.5077591999261459,0.4860320290322346,0.49377109967678917,0.49377109967678917,0.1060593405384409
0.5221925193146497,0.5449964430702134,0.526913927446527,0.5371286107169749,0.5371286107169749,0.06925289388688496
0.5387106702967793,0.5382417545472764,0.5183842719847288,0.5130022454691306,0.5130022454691306,0.04461968864684757
0.5301531051036791,0.5281716380420755,0.48875749406074614,0.4942456407287072,0.4942456407287072,0.084531696074238
0.44880614901882016,0.44701672501222023,0.4305890952504402,0.45241163817169905,0.45241163817169905,0.12279218687026877
0.43910423728190895,0.46067451235904144,0.43704943968542004,0.46552378822688073,0.46552378822688073,0.10224853691859845
0.43676581805329795,0.43266615490722526,0.43210325532406557,0.43278087485041355,0.43278087485041355,0.03070163916758443
0.4302232244190635,0.45631983473185955,0.43210325532406557,0.46235188601902744,0.46235188601902744,0.09639149622175297
0.46666766498537504,0.46661266107305316,0.46029157732743503,0.46235188601902744,0.46235188601902744,0.06367752372420313
0.4114164183081981,0.4075526855388556,0.3722440662520024,0.3780594928071453,0.3780594928071453,0.17124501968550346
0.37352916047548335,0.37276494856007797,0.3549070835850839,0.3512857281218901,0.3512857281218901,0.12989760394810257
0.33972168577814743,0.3417875167512559,0.32366525805904656,0.32024117018862286,0.32024117018862286,0.15294665099460347
